Average Packets per Flow,Average Bytes per Flow,Average Duration per Flow,Source IP Address Generation Speed,Percentage of Pair Flow,label
0.062510736,0.011197693,5.76E-14,353,0.004244745,1
0.059082876,0.018443979,6.11E-14,353,0.004244745,0
0.000194678,0.000319292,0.003921564,353,0.004244745,0
0.007726046,0.000850105,6.71E-15,353,0.004244745,0
4.58E-05,2.55E-06,4.00E-17,353,0.004244745,1
3.82E-05,2.60E-06,3.57E-17,353,0.004244745,1
0.00279802,0.002486954,0.003921564,353,0.004244745,1
0.002710224,0.000720643,4.25E-13,353,0.004244745,1
0.003481301,0.000358291,2.88E-15,353,0.004244745,1
0.003023235,0.000488015,2.64E-15,353,0.004244745,1
5.34E-05,3.53E-06,4.12E-17,353,0.004244745,1
4.58E-05,3.01E-06,3.69E-17,353,0.004244745,1
0.005794535,0.000640404,6.04E-09,353,0.004244745,1
0.000839788,0.000116267,1.24E-15,353,0.004244745,1
0.000862691,0.001468042,1.48E-09,353,0.004244745,1
0.011955522,0.00116001,1.05E-14,353,0.004244745,1
0.011955522,0.00227673,1.13E-14,353,0.004244745,1
0.000297743,0.000439346,8.42E-11,353,0.004244745,1
0.000374087,8.87E-05,1.90E-16,353,0.004244745,1
0.000389356,2.78E-05,3.54E-16,353,0.004244745,1
0.000183226,1.66E-05,1.61E-16,353,0.004244745,1
0.003924098,0.000388888,3.15E-15,353,0.004244745,1
0.007680239,0.001020021,7.12E-15,353,0.004244745,1
0.003920281,0.000731588,0.003921564,353,0.004244745,1
0.009615568,0.0126496,0.00392157,353,0.004244745,1
0.000167958,1.94E-05,1.53E-16,353,0.004244745,1
0.000122151,1.75E-05,1.64E-16,353,0.004244745,1
0.000103065,4.25E-05,0.003921563,353,0.004244745,1
0.003603452,0.000398568,2.99E-15,353,0.004244745,1
0.003091945,0.00055848,2.79E-15,353,0.004244745,0
0.000114516,2.34E-05,9.69E-17,353,0.004244745,0
0.000328281,5.76E-05,2.68E-16,353,0.004244745,0
0.000125968,4.41E-05,0.003921563,353,0.004244745,0
0.000297743,9.05E-05,8.63E-09,353,0.004244745,0
0.000175592,3.18E-05,1.21E-16,353,0.004244745,0
0.000179409,7.17E-05,0.003921563,353,0.004244745,0
0.000618389,7.61E-05,5.04E-16,353,0.004244745,0
0.000511507,0.000100592,4.75E-16,353,0.004244745,0
0.000427528,4.47E-05,6.01E-16,353,0.004244745,1
0.000538228,0.001009777,0.003921563,353,0.004244745,1
0.00215291,0.000328678,6.74E-13,353,0.004244745,1
0.002416298,0.003327327,0.003921574,353,0.004244745,1
0.000129785,2.47E-05,9.87E-17,353,0.004244745,1
0.000244302,3.84E-05,1.67E-16,353,0.004244745,1
0.000156506,8.37E-05,0.003921563,353,0.004244745,1
0.000240485,0.000128154,0.003921563,353,0.004244745,1
0.000229033,2.27E-05,1.15E-15,353,0.004244745,1
0.000614572,0.001924811,0.003921563,353,0.004244745,1
0.000480969,6.28E-05,5.18E-16,353,0.004244745,1
0.000419894,0.000728323,2.90E-12,353,0.004244745,1
0.000282474,0.000101858,6.33E-10,353,0.004244745,0
0.000122151,2.24E-05,1.01E-16,353,0.004244745,0
0.000282474,4.39E-05,2.24E-16,353,0.004244745,1
0.000103065,4.43E-05,0.003921563,353,0.004244745,1
0.000366453,6.96E-05,3.08E-16,353,0.004244745,1
0.000832153,0.00024778,8.10E-16,353,0.004244745,1
0.000919949,0.000129985,0.003921563,353,0.004244745,1
0.000114516,2.90E-05,9.02E-17,353,0.004244745,1
0.000122151,6.40E-05,1.06E-16,353,0.004244745,1
0.000183226,3.53E-05,1.39E-16,353,0.004244745,1
0.000458066,0.000127641,3.48E-16,353,0.004244745,1
0.000328281,5.06E-05,3.11E-16,353,0.004244745,1
0.000320646,0.000227281,4.60E-16,353,0.004244745,1
0.000175592,2.95E-05,1.45E-16,353,0.004244745,1
0.000259571,9.23E-05,7.59E-09,353,0.004244745,1
0.002191082,0.000158835,1.90E-15,353,0.004244745,1
0.000129785,1.20E-05,1.02E-16,353,0.004244745,1
0.000183226,0.000112657,1.48E-16,353,0.004244745,1
0.000114516,1.68E-05,1.05E-16,353,0.004244745,1
0.003542377,0.00992465,4.92E-13,353,0.004244745,1
0.001442908,0.000251275,1.35E-09,353,0.004244745,1
0.0004657,7.51E-05,3.27E-16,353,0.004244745,1
0.001450542,0.000316717,8.65E-09,353,0.004244745,1
0.000389356,0.00015309,6.85E-10,353,0.004244745,1
0.000961939,0.00016098,7.86E-16,353,0.004244745,1
0.000870325,0.000294084,9.61E-16,353,0.004244745,1
0.000106882,1.47E-05,6.78E-17,353,0.004244745,1
0.000133603,7.63E-05,0.003921563,353,0.004244745,1
0.000152689,0.000104599,1.32E-16,353,0.004244745,1
0.000129785,1.77E-05,3.51E-16,353,0.004244745,1
0.000171775,8.30E-05,0.003921563,353,0.004244745,1
0.000106882,1.47E-05,6.84E-17,353,0.004244745,1
0.000125968,7.58E-05,0.003921563,353,0.004244745,1
0.000263388,0.000164642,0.003921563,353,0.004244745,1
9.92E-05,1.42E-05,8.24E-17,353,0.004244745,1
0.000125968,7.59E-05,0.003921563,353,0.004244745,1
9.92E-05,1.43E-05,8.18E-17,353,0.004244745,0
0.000125968,7.88E-05,0.003921563,353,0.004244745,0
0.001511618,0.000314593,1.43E-15,353,0.004244745,0
0.001599414,0.000354325,0.003921565,353,0.004244745,0
0.11427219,0.072754806,1.31E-13,353,0.004244745,0
0.000427528,7.54E-05,4.82E-16,353,0.004244745,0
0.002145276,0.000417864,1.71E-15,353,0.004244745,0
0.002076566,0.000511402,5.24E-14,353,0.004244745,0
0.002240706,0.000381993,0.003921564,353,0.004244745,0
0.002030759,0.00099069,4.63E-09,353,0.004244745,0
4.58E-05,3.80E-06,2.91E-17,353,0.004244745,0
0.000358818,4.97E-05,2.89E-16,353,0.004244745,0
0.001076455,0.000171664,1.21E-15,353,0.004244745,0
0.00050769,0.000163387,0.003921567,353,0.004244745,0
4.58E-05,3.80E-06,2.91E-17,353,0.004244745,0
0.00020613,2.88E-05,1.59E-16,353,0.004244745,0
0.001786457,0.000174876,1.46E-15,353,0.004244745,0
4.58E-05,3.80E-06,3.88E-17,353,0.004244745,0
0.000847422,0.000134234,1.07E-15,353,0.004244745,1
2.29E-05,1.74E-06,1.21E-17,353,0.004244745,1
0.002122372,0.003974177,1.73E-13,353,0.004244745,1
0.000660378,0.000257679,0.003921569,353,0.004244745,1
0.001072638,0.001449615,0.003921564,353,0.004244745,1
0.000313012,0.000124104,3.40E-10,353,0.004244745,1
0.00060312,0.000386503,1.49E-12,353,0.004244745,1
2.29E-05,1.74E-06,1.21E-17,353,0.004244745,1
2.29E-05,1.74E-06,1.21E-17,353,0.004244745,1
0.000156506,5.96E-05,0.003921573,353,0.004244745,1
0.008970459,0.000828298,8.25E-15,353,0.004244745,1
0.008970459,0.001550039,9.00E-15,353,0.004244745,1
0.002275061,0.000210172,2.12E-15,353,0.004244745,1
0.002267427,0.000383091,2.02E-15,353,0.004244745,1
0.000129785,2.15E-05,1.09E-16,353,0.004244745,1
0.000103065,5.11E-05,0.003921563,353,0.004244745,1
7.63E-06,4.19E-07,5.45E-18,353,0.004244745,1
3.05E-05,1.67E-06,2.42E-17,353,0.004244745,1
1.53E-05,8.37E-07,1.03E-17,353,0.004244745,1
1.53E-05,1.16E-06,7.87E-18,353,0.004244745,1
3.05E-05,2.32E-06,1.27E-17,353,0.004244745,0
0.00020613,0.000134328,1.75E-10,353,0.004244745,1
0.000213764,1.87E-05,1.92E-16,353,0.004244745,0
0.000152689,3.84E-05,2.54E-16,353,0.004244745,0
0.004733348,0.000602932,5.05E-15,353,0.004244745,0
0.007397765,0.005863243,5.99E-09,353,0.004244745,0
7.63E-06,4.19E-07,7.87E-18,353,0.004244745,0
7.63E-06,4.19E-07,4.85E-18,353,0.004244745,0
7.63E-06,4.19E-07,5.45E-18,353,0.004244745,1
0.000351184,1.95E-05,2.94E-16,353,0.004244745,1
0.009520138,0.000877489,8.91E-15,353,0.004244745,1
0.009520138,0.00162627,8.98E-15,353,0.004244745,1
0.000160323,1.88E-05,1.31E-16,353,0.004244745,1
0.000160323,1.82E-05,1.10E-16,353,0.004244745,1
0.000133603,7.03E-05,0.003921569,353,0.004244745,1
0.000202312,0.000339477,0.003921563,353,0.004244745,1
5.34E-05,3.43E-06,4.18E-17,353,0.004244745,1
6.11E-05,4.23E-06,5.75E-17,353,0.004244745,1
0.002874364,0.000509247,0.003921563,353,0.004244745,1
0.003000332,0.000967041,6.30E-09,353,0.004244745,1
0.000129785,1.76E-05,1.02E-16,353,0.004244745,1
8.78E-05,3.83E-05,0.003921563,353,0.004244745,1
0.000549679,0.000111956,4.52E-16,353,0.004244745,1
0.000488604,0.000106943,2.07E-09,353,0.004244745,1
0.000381722,6.52E-05,6.75E-16,353,0.004244745,1
0.002023125,0.001468974,3.86E-10,353,0.004244745,1
0.000282474,4.20E-05,2.30E-16,353,0.004244745,1
0.000313012,9.66E-05,4.54E-14,353,0.004244745,1
0.002053662,0.000527528,3.34E-13,353,0.004244745,1
0.000240485,0.000106504,0.003921563,353,0.004244745,1
0.001740651,0.000362299,2.53E-15,353,0.004244745,1
0.00020613,4.09E-05,1.80E-16,353,0.004244745,1
0.001797909,0.000433298,0.003921571,353,0.004244745,1
0.000114516,3.22E-05,7.58E-16,353,0.004244745,1
8.40E-05,1.73E-05,7.09E-17,353,0.004244745,1
0.001106993,0.000175881,1.05E-15,353,0.004244745,1
7.63E-05,2.13E-05,4.72E-17,353,0.004244745,0
0.000110699,5.13E-05,0.003921563,353,0.004244745,0
5.34E-05,3.79E-05,4.12E-17,353,0.004244745,0
0.000889411,0.000333031,0.003921569,353,0.004244745,1
8.40E-05,5.55E-05,7.09E-17,353,0.004244745,1
0.000229033,6.24E-05,2.23E-16,353,0.004244745,1
0.000221399,0.000100707,3.82E-09,353,0.004244745,1
0.000251936,4.95E-05,2.11E-16,353,0.004244745,1
0.000244302,0.000116968,2.13E-16,353,0.004244745,1
0.000198495,0.000108084,3.51E-16,353,0.004244745,1
0.000160323,0.000126637,2.71E-11,353,0.004244745,1
0.000148871,4.79E-05,0.003921563,353,0.004244745,1
0.000412259,4.44E-05,3.54E-16,353,0.004244745,1
0.00020613,4.67E-05,1.96E-16,353,0.004244745,1
0.000847422,0.000380978,6.88E-09,353,0.004244745,1
0.000244302,1.47E-05,3.33E-16,353,0.004244745,1
0.000125968,1.39E-05,0.003921569,353,0.004244745,1
0.000122151,9.04E-06,1.68E-16,353,0.004244745,1
1.53E-05,1.16E-06,1.45E-17,353,0.004244745,1
1.53E-05,1.20E-06,1.27E-17,353,0.004244745,1
0.00013742,9.54E-06,1.21E-16,353,0.004244745,1
1.53E-05,1.16E-06,1.33E-17,353,0.004244745,1
1.53E-05,1.20E-06,1.33E-17,353,0.004244745,1
0.004886037,0.000640592,5.27E-15,353,0.004244745,1
0.00793981,0.0045494,4.26E-09,353,0.004244745,1
0.00342786,0.000937878,1.10E-09,353,0.004244745,1
0.000572582,8.38E-05,5.63E-16,353,0.004244745,1
0.003672162,0.003524105,2.37E-12,353,0.004244745,1
0.000530593,0.000600138,0.003921563,353,0.004244745,0
0.00013742,2.20E-05,1.08E-16,353,0.004244745,0
0.000179409,4.84E-05,0.003921563,353,0.004244745,0
0.00020613,2.51E-05,1.78E-16,353,0.004244745,0
0.000213764,0.000377912,1.11E-12,353,0.004244745,0
9.16E-05,1.15E-05,1.24E-16,353,0.004244745,0
6.49E-05,4.65E-05,0.003921564,353,0.004244745,0
0.00027484,5.73E-05,1.10E-14,353,0.004244745,0
8.40E-05,1.03E-05,2.62E-16,353,0.004244745,0
8.78E-05,0.000129336,0.003921564,353,0.004244745,1
0.000710002,0.000398097,8.27E-13,353,0.004244745,1
0.00064511,0.00122021,0.003921564,353,0.004244745,1
0.000122151,0.000123843,1.07E-16,353,0.004244745,1
0.000320646,0.000139037,3.23E-16,353,0.004244745,1
0.000290108,0.000379711,4.96E-15,353,0.004244745,1
7.63E-06,7.95E-07,4.85E-18,353,0.004244745,1
7.63E-06,7.95E-07,4.85E-18,353,0.004244745,1
0.001694844,0.000978698,7.09E-11,353,0.004244745,1
0.001305488,0.001084375,7.22E-11,353,0.004244745,1
0.003244634,0.00217909,9.40E-11,353,0.004244745,1
0.003248451,0.002314935,0.003921564,353,0.004244745,1
0.000190861,3.17E-05,1.59E-16,353,0.004244745,0
0.000152689,9.52E-05,1.28E-16,353,0.004244745,0
9.92E-05,1.61E-05,6.18E-17,353,0.004244745,1
0.000145054,0.000206478,1.39E-13,353,0.004244745,1
0.003164472,0.002780316,0.003921564,353,0.004244745,1
0.003221731,0.002490397,8.05E-11,353,0.004244745,1
9.16E-05,1.15E-05,2.25E-16,353,0.004244745,1
7.25E-05,7.91E-05,0.003921564,353,0.004244745,1
0.0047448,0.001213503,0.003921566,353,0.004244745,1
0.000389356,5.67E-05,3.02E-16,353,0.004244745,1
0.00030156,7.77E-05,0.003921564,353,0.004244745,1
0.005828889,0.005693191,0.003921565,353,0.004244745,1
0.001366563,0.000175891,1.77E-15,353,0.004244745,1
0.001649037,0.000340952,1.34E-15,353,0.004244745,1
0.001633769,0.003394371,8.47E-09,353,0.004244745,1
0.001847533,0.001455632,1.70E-15,353,0.004244745,1
0.000839788,0.000112416,9.07E-16,353,0.004244745,1
0.000759626,0.000249224,0.003921564,353,0.004244745,1
0.013100687,0.001032358,6.68E-11,353,0.004244745,1
0.05686889,0.291030659,1.00E-10,353,0.004244745,1
0.001099358,7.54E-05,1.52E-15,353,0.004244745,1
0.002000221,0.005728246,2.55E-13,353,0.004244745,1
0.000748174,0.000113797,7.89E-16,353,0.004244745,1
0.000744357,0.001026143,0.003921564,353,0.004244745,1
0.000213764,4.63E-05,1.45E-16,353,0.004244745,1
0.000194678,4.73E-05,0.003921564,353,0.004244745,0
0.001939146,0.000199122,1.97E-15,353,0.004244745,0
0.002236889,0.004845702,6.84E-10,353,0.004244745,0
0.001786457,0.000323697,1.75E-15,353,0.004244745,1
0.00020613,3.25E-05,1.64E-16,353,0.004244745,1
0.001866619,0.000444871,0.003921565,353,0.004244745,1
0.00131694,0.000725906,0.003921565,353,0.004244745,1
9.16E-05,1.77E-05,6.78E-17,353,0.004244745,1
0.001297854,0.000313306,1.31E-13,353,0.004244745,1
0.000213764,3.83E-05,1.48E-16,353,0.004244745,1
9.16E-05,5.59E-05,7.51E-17,353,0.004244745,1
0.000194678,0.00013595,0.003921564,353,0.004244745,1
0.000229033,6.10E-05,1.89E-16,353,0.004244745,1
0.000221399,0.000101722,1.59E-14,353,0.004244745,1
0.000160323,0.000105102,4.19E-16,353,0.004244745,1
0.000229033,5.70E-05,3.49E-16,353,0.004244745,1
0.000213764,0.000100288,4.18E-15,353,0.004244745,1
0.001813178,0.000145493,0.003921564,353,0.004244745,1
0.000988659,9.11E-05,0.003921564,353,0.004244745,1
0.006271687,0.027314348,0.003921564,353,0.004244745,1
0.003187376,0.016373193,0.003921564,353,0.004244745,1
0.000526776,7.01E-05,4.15E-16,353,0.004244745,1
0.000500055,0.00021352,0.003921564,353,0.004244745,1
0.000122151,2.05E-05,9.63E-17,353,0.004244745,1
0.008142123,0.000599128,0.003921564,353,0.004244745,1
9.16E-05,2.45E-05,7.69E-17,353,0.004244745,1
0.029014662,0.162905765,0.003921564,353,0.004244745,1
0.002076566,0.000175452,5.73E-12,353,0.004244745,1
0.007180184,0.033155867,0.003921564,353,0.004244745,0
6.87E-05,2.63E-05,6.00E-17,353,0.004244745,0
7.63E-05,6.06E-05,2.41E-16,353,0.004244745,0
0.000988659,8.34E-05,0.003921564,353,0.004244745,0
0.004416519,0.02256028,0.003921564,353,0.004244745,0
0.002198717,0.000152807,1.52E-15,353,0.004244745,0
0.002649148,0.000163711,2.09E-15,353,0.004244745,0
0.00400426,0.010867153,0.003921564,353,0.004244745,0
0.003290441,0.008481679,2.83E-12,353,0.004244745,0
0.00013742,2.17E-05,9.63E-17,353,0.004244745,1
0.000152689,0.00014114,3.47E-16,353,0.004244745,1
0.001458177,0.000140209,2.03E-12,353,0.004244745,1
0.005428082,0.024724855,5.72E-12,353,0.004244745,1
0.001702479,0.000972818,4.43E-11,353,0.004244745,1
0.001255864,0.001081634,0.003921564,353,0.004244745,1
6.11E-05,4.99E-05,5.21E-17,353,0.004244745,1
3.82E-05,8.88E-06,2.79E-17,353,0.004244745,1
0.000664196,6.85E-05,4.62E-16,353,0.004244745,1
0.001908608,0.006139517,4.42E-11,353,0.004244745,1
2.29E-05,2.39E-06,2.00E-17,353,0.004244745,1
2.29E-05,2.39E-06,1.82E-17,353,0.004244745,1
0.000145054,2.31E-05,1.14E-16,353,0.004244745,0
0.000187044,4.88E-05,0.003921564,353,0.004244745,0
0.000183226,1.66E-05,1.56E-16,353,0.004244745,1
0.000114516,1.70E-05,9.63E-17,353,0.004244745,1
0.000167958,1.94E-05,1.39E-16,353,0.004244745,1
9.92E-05,4.15E-05,9.87E-17,353,0.004244745,1
0.000236667,3.89E-05,2.07E-16,353,0.004244745,1
0.000114516,2.34E-05,1.04E-16,353,0.004244745,1
0.000213764,8.10E-05,8.89E-09,353,0.004244745,1
0.000125968,4.41E-05,0.003921564,353,0.004244745,1
0.000832153,0.000151866,6.54E-16,353,0.004244745,1
0.000675647,0.000179753,0.003921566,353,0.004244745,1
0.000656561,9.18E-05,4.49E-16,353,0.004244745,1
0.000542045,0.000124397,4.43E-16,353,0.004244745,1
0.000244302,5.50E-05,5.33E-16,353,0.004244745,1
0.000175592,7.19E-05,1.43E-15,353,0.004244745,1
0.000427528,5.21E-05,6.26E-16,353,0.004244745,1
0.000129785,1.76E-05,1.69E-16,353,0.004244745,1
0.000473335,0.000431268,8.36E-14,353,0.004244745,1
0.000103065,4.84E-05,0.003921564,353,0.004244745,1
0.000190861,3.71E-05,1.47E-16,353,0.004244745,1
0.000122151,3.13E-05,1.07E-16,353,0.004244745,1
0.000114516,5.15E-05,9.45E-17,353,0.004244745,1
9.16E-05,1.76E-05,7.09E-17,353,0.004244745,1
8.40E-05,5.59E-05,7.33E-17,353,0.004244745,1
0.000557314,0.00014363,4.67E-16,353,0.004244745,0
0.000542045,0.00024779,3.63E-13,353,0.004244745,0
0.000145054,6.16E-05,1.16E-16,353,0.004244745,0
0.000106882,1.41E-05,8.78E-17,353,0.004244745,1
9.54E-05,4.62E-05,0.003921564,353,0.004244745,1
0.000152689,3.01E-05,7.56E-16,353,0.004244745,1
0.000183226,0.00029897,1.38E-12,353,0.004244745,1
0.000114516,1.67E-05,1.01E-16,353,0.004244745,1
0.000110699,5.01E-05,0.003921564,353,0.004244745,1
7.63E-06,5.44E-07,7.27E-18,353,0.004244745,1
0.000412259,6.57E-05,3.16E-16,353,0.004244745,1
3.82E-05,2.72E-06,3.51E-17,353,0.004244745,1
0.000259571,0.000247916,6.95E-14,353,0.004244745,1
2.29E-05,2.39E-06,2.00E-17,353,0.004244745,1
2.29E-05,2.39E-06,1.94E-17,353,0.004244745,1
0.000145054,1.37E-05,1.22E-16,353,0.004244745,1
4.58E-05,4.54E-06,4.00E-17,353,0.004244745,1
0.000145054,3.65E-05,1.14E-16,353,0.004244745,1
0.000183226,3.19E-05,1.48E-16,353,0.004244745,1
4.58E-05,9.35E-06,4.66E-17,353,0.004244745,1
0.000114516,3.23E-05,8.18E-17,353,0.004244745,1
0.000183226,1.66E-05,1.71E-16,353,0.004244745,1
0.000167958,1.94E-05,1.55E-16,353,0.004244745,1
0.000106882,1.88E-05,9.09E-17,353,0.004244745,1
0.000114516,2.34E-05,9.27E-17,353,0.004244745,1
9.54E-05,4.06E-05,0.003921564,353,0.004244745,1
0.000125968,4.41E-05,0.003921564,353,0.004244745,1
0.002679686,0.000291876,2.16E-15,353,0.004244745,1
0.002351405,0.000544322,2.12E-15,353,0.004244745,0
0.000313012,4.59E-05,2.37E-16,353,0.004244745,0
0.000293926,0.000144311,0.003921566,353,0.004244745,0
1.53E-05,1.09E-06,1.27E-17,353,0.004244745,0
0.002061297,0.000467526,2.15E-15,353,0.004244745,0
7.63E-05,5.44E-06,6.48E-17,353,0.004244745,0
0.002133824,0.001453958,0.003921569,353,0.004244745,0
0.000328281,4.23E-05,4.89E-16,353,0.004244745,0
0.001465811,0.000336913,1.04E-09,353,0.004244745,0
0.000313012,4.17E-05,2.16E-16,353,0.004244745,1
0.000251936,9.48E-05,6.55E-09,353,0.004244745,1
0.001607048,0.001312326,0.003921564,353,0.004244745,1
0.000343549,0.00053998,2.46E-12,353,0.004244745,1
0.000679465,7.04E-05,5.37E-16,353,0.004244745,1
0.000595486,9.18E-05,7.09E-16,353,0.004244745,1
0.00020613,2.97E-05,1.36E-16,353,0.004244745,1
0.00016414,7.23E-05,0.003921564,353,0.004244745,1
0.000160323,3.02E-05,1.34E-16,353,0.004244745,1
0.000118334,4.01E-05,0.003921564,353,0.004244745,1
0.00113753,0.000206635,9.24E-16,353,0.004244745,1
0.000885594,0.000100257,9.04E-16,353,0.004244745,1
9.16E-05,1.77E-05,7.33E-17,353,0.004244745,0
0.001007745,0.002013861,8.70E-13,353,0.004244745,0
8.40E-05,5.59E-05,3.09E-16,353,0.004244745,1
0.000961939,0.00048271,1.03E-15,353,0.004244745,1
0.000106882,2.15E-05,9.63E-17,353,0.004244745,1
9.92E-05,4.41E-05,8.78E-17,353,0.004244745,1
0.00013742,2.16E-05,1.10E-16,353,0.004244745,1
0.000175592,2.06E-05,1.50E-16,353,0.004244745,1
0.000320646,3.66E-05,2.33E-16,353,0.004244745,1
0.000309195,0.000127411,0.003921564,353,0.004244745,1
0.00074054,0.000119239,4.82E-16,353,0.004244745,1
0.000641292,0.000289448,5.97E-15,353,0.004244745,1
0.000114516,1.51E-05,8.72E-17,353,0.004244745,1
0.000103065,4.50E-05,0.003921564,353,0.004244745,1
0.002481191,0.00061438,5.53E-13,353,0.004244745,1
0.002626245,0.002732233,4.52E-12,353,0.004244745,1
0.000244302,3.48E-05,1.96E-16,353,0.004244745,1
0.000171775,5.34E-05,0.003921564,353,0.004244745,1
0.000236667,9.24E-05,3.68E-16,353,0.004244745,1
0.000209947,4.99E-05,0.003921564,353,0.004244745,1
0.000244302,5.00E-05,1.64E-16,353,0.004244745,1
0.000702368,0.000124021,6.21E-16,353,0.004244745,1
0.004267648,0.000354189,4.10E-15,353,0.004244745,1
0.007191636,0.019941718,4.10E-10,353,0.004244745,1
0.000221399,7.99E-05,1.68E-16,353,0.004244745,1
0.000106882,3.06E-05,8.00E-17,353,0.004244745,0
0.000618389,0.0003754,6.83E-16,353,0.004244745,0
0.000103065,5.07E-05,0.003921564,353,0.004244745,0
0.000114516,2.90E-05,9.63E-17,353,0.004244745,1
0.000110699,5.04E-05,0.003921564,353,0.004244745,1
0.000587851,0.000201319,6.83E-16,353,0.004244745,1
0.000637475,9.61E-05,0.003921565,353,0.004244745,1
0.000542045,9.94E-05,4.53E-16,353,0.004244745,1
0.000213764,4.85E-05,1.77E-16,353,0.004244745,1
0.000320646,9.97E-05,2.71E-16,353,0.004244745,1
0.000213764,0.000165019,1.85E-16,353,0.004244745,1
0.000190861,0.000125255,3.76E-16,353,0.004244745,1
0.000129785,1.76E-05,8.24E-17,353,0.004244745,1
0.000106882,4.86E-05,8.00E-17,353,0.004244745,1
6.11E-05,1.22E-05,4.30E-17,353,0.004244745,1
0.000480969,0.000272486,4.76E-16,353,0.004244745,1
5.73E-05,4.49E-05,0.003921565,353,0.004244745,1
0.000358818,5.19E-05,3.31E-16,353,0.004244745,1
0.000248119,6.14E-05,0.003921565,353,0.004244745,1
0.000893229,0.000173056,8.19E-16,353,0.004244745,1
0.000786347,0.000310303,6.83E-16,353,0.004244745,1
0.000122151,5.02E-05,1.31E-16,353,0.004244745,1
0.000122151,5.93E-05,1.14E-16,353,0.004244745,1
0.000183226,5.60E-05,1.52E-16,353,0.004244745,1
0.000179409,6.26E-05,0.003921565,353,0.004244745,1
0.000167958,1.87E-05,1.38E-16,353,0.004244745,1
0.000152689,5.20E-05,1.36E-16,353,0.004244745,1
0.000324463,0.000637746,0.003921565,353,0.004244745,1
0.000244302,0.000109005,2.12E-16,353,0.004244745,0
9.92E-05,1.02E-05,8.96E-17,353,0.004244745,0
7.63E-05,0.000101387,3.28E-16,353,0.004244745,0
0.000618389,8.48E-05,4.31E-16,353,0.004244745,0
0.000614572,0.001205121,0.003921565,353,0.004244745,0
0.000229033,1.59E-05,1.91E-16,353,0.004244745,0
0.00013742,9.54E-06,1.13E-16,353,0.004244745,0
0.000106882,1.07E-05,3.10E-16,353,0.004244745,0
4.58E-05,4.53E-06,2.97E-17,353,0.004244745,0
6.87E-05,5.31E-05,7.09E-17,353,0.004244745,1
3.05E-05,1.92E-05,2.54E-17,353,0.004244745,1
0.000282474,4.45E-05,2.85E-16,353,0.004244745,1
0.00037027,6.98E-05,0.003921565,353,0.004244745,1
0.000412259,5.36E-05,3.28E-16,353,0.004244745,1
0.000473335,0.000914407,4.13E-10,353,0.004244745,1
0.000587851,0.00016347,4.48E-16,353,0.004244745,1
0.00083597,0.001370454,0.003921565,353,0.004244745,1
0.000931401,0.000161336,9.83E-16,353,0.004244745,1
0.000335915,6.77E-05,2.71E-16,353,0.004244745,1
0.000664196,0.000100246,5.39E-16,353,0.004244745,1
0.000492421,0.000196317,0.003921566,353,0.004244745,1
0.00013742,5.76E-05,1.19E-16,353,0.004244745,0
0.000320646,0.000136138,2.71E-16,353,0.004244745,0
0.000133603,0.00015151,0.003921565,353,0.004244745,1
0.000259571,2.40E-05,2.20E-16,353,0.004244745,1
0.000229033,3.36E-05,2.07E-16,353,0.004244745,1
0.000187044,5.44E-05,0.003921565,353,0.004244745,1
0.000160323,0.000169111,3.09E-13,353,0.004244745,1
0.000801615,0.000482929,6.84E-16,353,0.004244745,1
0.000366453,7.79E-05,4.92E-16,353,0.004244745,1
0.000332098,0.000202679,0.003921565,353,0.004244745,1
0.000282474,0.00010055,1.87E-16,353,0.004244745,1
0.000286291,0.000223294,0.003921565,353,0.004244745,1
0.000152689,2.93E-05,1.12E-16,353,0.004244745,1
0.000141237,0.000172878,0.003921565,353,0.004244745,1
0.000725271,0.000170596,6.09E-16,353,0.004244745,1
0.000637475,0.000149773,0.003921566,353,0.004244745,1
0.000259571,0.000112102,2.27E-16,353,0.004244745,1
0.000251936,0.000178131,2.01E-16,353,0.004244745,1
0.000595486,9.70E-05,5.09E-16,353,0.004244745,1
0.000557314,0.000714563,6.33E-15,353,0.004244745,1
0.00027484,4.38E-05,2.26E-16,353,0.004244745,1
0.000347367,6.86E-05,0.003921565,353,0.004244745,1
0.000259571,3.53E-05,1.68E-16,353,0.004244745,1
0.00020613,9.67E-05,9.26E-09,353,0.004244745,1
0.000236667,3.81E-05,1.88E-16,353,0.004244745,1
0.00127495,0.000166453,1.02E-15,353,0.004244745,0
9.16E-05,1.76E-05,7.09E-17,353,0.004244745,0
0.0015078,0.000362278,0.003921566,353,0.004244745,0
0.001213875,0.001692477,2.13E-13,353,0.004244745,1
0.001565059,0.000697528,4.63E-09,353,0.004244745,1
9.16E-05,5.63E-05,8.06E-17,353,0.004244745,1
0.000171775,9.37E-05,0.003921568,353,0.004244745,1
0.00013742,6.31E-05,1.73E-16,353,0.004244745,1
0.000106882,9.39E-05,9.45E-17,353,0.004244745,1
0.000160323,2.01E-05,1.37E-16,353,0.004244745,1
0.000145054,6.66E-05,1.18E-16,353,0.004244745,1
0.000358818,5.30E-05,3.50E-16,353,0.004244745,1
0.000362636,0.00046243,0.003921565,353,0.004244745,1
0.002282695,0.000327694,2.11E-15,353,0.004244745,1
0.00013742,1.82E-05,8.84E-17,353,0.004244745,1
0.002401029,0.002412753,0.003921566,353,0.004244745,1
0.000236667,3.35E-05,2.07E-16,353,0.004244745,1
0.000133603,4.81E-05,0.003921565,353,0.004244745,1
9.16E-05,1.77E-05,7.63E-17,353,0.004244745,1
0.000893229,0.000154754,7.78E-16,353,0.004244745,1
0.000755809,0.000323718,1.99E-09,353,0.004244745,1
9.16E-05,5.59E-05,8.18E-17,353,0.004244745,1
0.000175592,0.000106179,1.44E-16,353,0.004244745,1
0.000129785,1.19E-05,1.10E-16,353,0.004244745,1
0.000114516,1.52E-05,9.45E-17,353,0.004244745,1
0.000152689,1.82E-05,1.71E-16,353,0.004244745,1
0.000152689,0.000185194,2.36E-16,353,0.004244745,1
0.0005764,0.000136986,0.003921571,353,0.004244745,1
0.000545862,0.000337918,0.003921566,353,0.004244745,0
0.000412259,8.77E-05,5.04E-16,353,0.004244745,0
0.000267205,5.26E-05,2.12E-16,353,0.004244745,0
0.000271022,0.00016819,0.003921567,353,0.004244745,0
0.000358818,0.000213426,3.27E-16,353,0.004244745,0
8.78E-05,3.49E-05,0.003921566,353,0.004244745,0
8.40E-05,0.000107958,7.81E-17,353,0.004244745,0
0.000129785,5.50E-05,9.81E-17,353,0.004244745,0
0.000122151,6.92E-05,1.05E-16,353,0.004244745,0
0.000530593,9.81E-05,0.003921566,353,0.004244745,1
0.0004657,0.00013708,5.10E-10,353,0.004244745,1
0.000190861,3.53E-05,1.76E-16,353,0.004244745,1
0.000175592,3.49E-05,2.00E-16,353,0.004244745,1
0.000381722,7.97E-05,3.87E-16,353,0.004244745,1
0.000542045,6.50E-05,6.50E-16,353,0.004244745,1
0.000320646,0.000145221,1.13E-14,353,0.004244745,1
0.000167958,0.000111694,1.71E-16,353,0.004244745,1
0.000702368,0.001255411,5.66E-09,353,0.004244745,1
0.000152689,6.20E-05,1.37E-16,353,0.004244745,1
0.001610865,0.000391724,1.20E-13,353,0.004244745,1
0.001694844,0.000943162,8.25E-09,353,0.004244745,1
0.001152799,0.000266898,1.30E-15,353,0.004244745,0
0.000213764,6.04E-05,1.73E-16,353,0.004244745,0
0.000106882,2.44E-05,8.06E-17,353,0.004244745,1
0.001221509,0.000925279,5.84E-10,353,0.004244745,1
0.000213764,0.000100466,1.80E-16,353,0.004244745,1
9.16E-05,6.84E-05,8.30E-17,353,0.004244745,1
0.000297743,3.06E-05,2.30E-16,353,0.004244745,1
0.000259571,3.95E-05,2.17E-16,353,0.004244745,1
0.000717637,0.000110239,7.05E-16,353,0.004244745,1
0.000458066,0.000127306,3.62E-16,353,0.004244745,1
0.000320646,0.000227281,2.67E-16,353,0.004244745,1
0.000442797,0.000114132,3.82E-16,353,0.004244745,1
0.000427528,0.000197939,7.31E-14,353,0.004244745,1
0.00050769,0.000317356,0.003921568,353,0.004244745,1
0.000916132,0.000158626,7.79E-16,353,0.004244745,1
0.000870325,0.000360196,8.60E-16,353,0.004244745,1
0.000106882,2.33E-05,9.81E-17,353,0.004244745,1
0.000103065,4.60E-05,0.003921566,353,0.004244745,1
0.000564948,9.51E-05,4.71E-16,353,0.004244745,1
9.16E-05,1.77E-05,9.15E-17,353,0.004244745,1
9.16E-05,5.59E-05,8.42E-17,353,0.004244745,1
6.87E-05,2.67E-05,3.45E-17,353,0.004244745,1
8.02E-05,6.09E-05,0.003921566,353,0.004244745,1
0.000519141,0.000233695,4.57E-16,353,0.004244745,1
0.000442797,7.27E-05,3.77E-16,353,0.004244745,1
0.002557535,0.000570995,6.18E-13,353,0.004244745,0
0.000355001,0.000135866,0.003921569,353,0.004244745,0
0.00305759,0.001080744,0.003921572,353,0.004244745,0
0.000652744,0.000133522,0.003921566,353,0.004244745,1
0.000629841,0.000432053,0.003921566,353,0.004244745,1
0.000160323,2.73E-05,9.27E-17,353,0.004244745,1
0.000171775,0.000104788,0.003921566,353,0.004244745,1
0.00060312,0.000161671,6.29E-16,353,0.004244745,1
0.001614683,0.000452427,0.003921574,353,0.004244745,1
0.00064511,0.000264679,0.003921566,353,0.004244745,1
0.000190861,3.03E-05,1.64E-16,353,0.004244745,1
0.000832153,0.001473431,3.28E-13,353,0.004244745,1
0.000580217,0.000116392,7.72E-09,353,0.004244745,1
0.001763554,0.001477491,1.55E-09,353,0.004244745,1
0.000129785,1.76E-05,8.48E-17,353,0.004244745,1
0.000103065,4.84E-05,0.003921566,353,0.004244745,1
0.000129785,1.76E-05,8.72E-17,353,0.004244745,1
0.000175592,0.000106179,1.52E-16,353,0.004244745,1
0.000103065,4.58E-05,0.003921566,353,0.004244745,1
0.000496238,0.000105447,6.90E-16,353,0.004244745,1
0.000213764,3.73E-05,1.73E-16,353,0.004244745,1
0.000221399,3.19E-05,1.89E-16,353,0.004244745,1
0.000389356,0.000115356,2.88E-09,353,0.004244745,1
0.000183226,8.98E-05,8.27E-10,353,0.004244745,1
0.000194678,6.54E-05,0.003921566,353,0.004244745,1
0.000106882,2.43E-05,8.60E-17,353,0.004244745,1
9.92E-05,6.28E-05,3.31E-16,353,0.004244745,1
0.000419894,0.000331524,4.50E-10,353,0.004244745,1
0.00050769,8.38E-05,0.003921566,353,0.004244745,0
0.001099358,0.000270749,1.31E-15,353,0.004244745,0
0.000595486,8.39E-05,4.77E-16,353,0.004244745,0
0.000160323,3.11E-05,1.14E-16,353,0.004244745,0
0.001240595,0.001149148,0.00392157,353,0.004244745,0
0.000492421,0.000227615,0.003921566,353,0.004244745,0
0.000133603,5.00E-05,0.003921566,353,0.004244745,0
0.001049735,0.000235066,0.00392157,353,0.004244745,0
0.000145054,2.87E-05,3.34E-16,353,0.004244745,0
0.001061186,0.000895728,6.82E-09,353,0.004244745,1
0.000110699,3.96E-05,0.003921566,353,0.004244745,1
0.000648927,0.000154388,9.17E-16,353,0.004244745,1
0.0005764,0.000192079,0.003921566,353,0.004244745,1
0.001259681,0.000276022,1.21E-15,353,0.004244745,1
0.001358929,0.001161684,5.18E-09,353,0.004244745,1
0.00027484,5.31E-05,2.16E-16,353,0.004244745,1
0.000267205,0.000168629,2.15E-16,353,0.004244745,1
7.63E-05,1.27E-05,6.84E-17,353,0.004244745,1
5.34E-05,4.74E-05,3.76E-17,353,0.004244745,1
6.11E-05,8.71E-06,3.21E-17,353,0.004244745,1
0.000190861,3.02E-05,1.62E-16,353,0.004244745,1
0.000141237,4.41E-05,0.003921567,353,0.004244745,0
0.000259571,3.82E-05,2.22E-16,353,0.004244745,0
0.000282474,0.000366673,2.04E-13,353,0.004244745,1
0.000221399,4.86E-05,1.87E-16,353,0.004244745,1
0.000255753,0.000161179,0.003921567,353,0.004244745,1
0.000381722,7.09E-05,3.20E-16,353,0.004244745,1
0.000160323,3.09E-05,1.19E-16,353,0.004244745,1
0.000103065,4.32E-05,0.003921567,353,0.004244745,1
8.02E-05,3.49E-05,0.003921567,353,0.004244745,1
7.63E-05,0.000107226,3.08E-16,353,0.004244745,1
0.000320646,0.000183185,2.78E-16,353,0.004244745,1
0.00020613,8.27E-05,1.76E-16,353,0.004244745,1
0.000198495,0.000129839,1.63E-16,353,0.004244745,1
0.000771078,0.000144478,6.35E-16,353,0.004244745,1
0.000717637,0.000157516,4.25E-13,353,0.004244745,1
0.000610755,0.000112918,4.94E-16,353,0.004244745,1
0.001168068,0.000367039,4.13E-13,353,0.004244745,1
0.001446725,0.001690562,0.003921568,353,0.004244745,1
0.000648927,0.000939688,5.89E-10,353,0.004244745,1
0.000729088,0.000143651,0.003921567,353,0.004244745,1
0.000190861,3.70E-05,1.80E-16,353,0.004244745,1
0.000683282,0.00018285,0.003921569,353,0.004244745,1
0.000694733,0.000104275,5.62E-16,353,0.004244745,1
0.00016414,4.42E-05,0.003921567,353,0.004244745,1
9.16E-05,1.77E-05,8.42E-17,353,0.004244745,1
0.000259571,3.53E-05,3.40E-16,353,0.004244745,0
9.16E-05,5.59E-05,1.01E-16,353,0.004244745,0
0.000198495,9.63E-05,4.60E-09,353,0.004244745,0
0.000114516,3.42E-05,9.93E-17,353,0.004244745,1
0.000110699,5.13E-05,0.003921567,353,0.004244745,1
0.000545862,0.000296448,0.003921569,353,0.004244745,1
0.000290108,4.49E-05,2.83E-16,353,0.004244745,1
0.000362636,6.94E-05,0.003921569,353,0.004244745,1
0.002053662,0.000464471,1.24E-09,353,0.004244745,1
0.002328502,0.001298053,1.24E-09,353,0.004244745,1
0.000488604,5.59E-05,6.09E-16,353,0.004244745,1
0.000427528,0.00010642,3.57E-16,353,0.004244745,1
0.00020613,4.33E-05,2.18E-16,353,0.004244745,1
9.16E-05,1.77E-05,7.57E-17,353,0.004244745,1
9.16E-05,5.63E-05,8.72E-17,353,0.004244745,1
0.000167958,0.000105436,2.53E-16,353,0.004244745,1
7.63E-05,2.76E-05,7.69E-17,353,0.004244745,1
7.63E-05,6.06E-05,7.15E-17,353,0.004244745,1
7.63E-06,5.44E-07,9.69E-18,353,0.004244745,1
1.53E-05,1.09E-06,1.45E-17,353,0.004244745,1
1.53E-05,1.09E-06,1.51E-17,353,0.004244745,1
3.05E-05,2.18E-06,2.54E-17,353,0.004244745,1
0.001454359,0.000408352,0.003921568,353,0.004244745,1
0.001469628,0.001238167,0.003921567,353,0.004244745,1
0.00060312,7.52E-05,5.79E-16,353,0.004244745,1
0.000175592,4.09E-05,1.33E-16,353,0.004244745,1
0.000396991,9.98E-05,2.91E-16,353,0.004244745,1
0.000633658,0.000955876,4.12E-09,353,0.004244745,1
0.000167958,0.000162455,2.34E-13,353,0.004244745,0
0.000419894,0.000100843,5.15E-09,353,0.004244745,0
0.003130117,0.000327244,3.64E-15,353,0.004244745,0
0.000358818,8.46E-05,2.76E-16,353,0.004244745,0
0.003977539,0.00888482,2.06E-09,353,0.004244745,0
0.000175592,3.60E-05,1.59E-16,353,0.004244745,0
0.000351184,0.000117146,1.54E-09,353,0.004244745,0
0.002133824,0.000427501,0.003921572,353,0.004244745,0
0.002023125,0.001025452,4.63E-09,353,0.004244745,0
0.000145054,2.34E-05,1.10E-16,353,0.004244745,1
0.000110699,4.30E-05,0.003921567,353,0.004244745,1
0.000282474,0.000174332,2.89E-16,353,0.004244745,1
0.000305377,0.000492818,3.05E-12,353,0.004244745,1
0.000167958,6.38E-05,1.61E-16,353,0.004244745,1
0.000106882,2.65E-05,1.34E-16,353,0.004244745,1
8.78E-05,4.65E-05,0.003921567,353,0.004244745,1
0.000381722,5.51E-05,3.12E-16,353,0.004244745,1
0.000362636,0.00045679,0.003921567,353,0.004244745,1
8.40E-05,5.57E-05,7.15E-17,353,0.004244745,1
6.87E-05,5.15E-05,6.90E-17,353,0.004244745,1
6.87E-05,1.56E-05,5.21E-17,353,0.004244745,1
4.58E-05,4.44E-05,4.12E-17,353,0.004244745,0
0.000183226,1.66E-05,1.57E-16,353,0.004244745,0
0.000167958,1.94E-05,1.36E-16,353,0.004244745,1
0.000114516,1.93E-05,9.81E-17,353,0.004244745,1
0.000114516,2.34E-05,9.51E-17,353,0.004244745,1
0.000103065,4.03E-05,0.003921568,353,0.004244745,1
0.000125968,4.41E-05,0.003921568,353,0.004244745,1
6.87E-05,1.06E-05,5.63E-17,353,0.004244745,1
5.73E-05,7.08E-05,0.003921568,353,0.004244745,1
0.000129785,1.76E-05,1.14E-16,353,0.004244745,1
9.54E-05,3.88E-05,0.003921568,353,0.004244745,1
0.000564948,6.39E-05,3.77E-16,353,0.004244745,1
0.000480969,8.40E-05,3.99E-16,353,0.004244745,1
0.000389356,5.63E-05,3.19E-16,353,0.004244745,1
0.000190861,4.52E-05,4.01E-16,353,0.004244745,1
0.000122151,1.72E-05,8.96E-17,353,0.004244745,1
0.000297743,0.000105593,6.68E-09,353,0.004244745,1
0.000187044,4.62E-05,0.003921568,353,0.004244745,1
0.000103065,4.58E-05,0.003921568,353,0.004244745,1
0.002923988,0.000589224,2.81E-15,353,0.004244745,1
0.000167958,3.06E-05,1.45E-16,353,0.004244745,1
0.000282474,3.77E-05,1.98E-16,353,0.004244745,1
0.002973612,0.002490324,0.003921571,353,0.004244745,1
0.000175592,7.20E-05,3.82E-16,353,0.004244745,1
0.000297743,0.000480627,3.44E-13,353,0.004244745,1
0.000129785,1.20E-05,1.08E-16,353,0.004244745,0
0.000114516,1.68E-05,9.63E-17,353,0.004244745,0
0.000152689,2.21E-05,1.36E-16,353,0.004244745,0
0.000404625,5.41E-05,3.09E-16,353,0.004244745,1
0.000133603,5.10E-05,0.003921568,353,0.004244745,1
0.000362636,0.000141841,0.00392157,353,0.004244745,1
0.000347367,9.49E-05,0.003921568,353,0.004244745,1
0.000416077,8.92E-05,0.003921568,353,0.004244745,1
0.000549679,8.98E-05,4.55E-16,353,0.004244745,1
0.000351184,6.95E-05,2.86E-16,353,0.004244745,1
0.000351184,0.000186962,2.63E-16,353,0.004244745,1
0.000473335,0.000314719,3.96E-16,353,0.004244745,1
0.000412259,0.000265862,2.73E-10,353,0.004244745,1
0.000480969,0.000117711,6.29E-13,353,0.004244745,1
0.000167958,2.02E-05,1.31E-16,353,0.004244745,1
0.00016414,0.00012874,0.003921568,353,0.004244745,1
0.000175592,2.76E-05,1.36E-16,353,0.004244745,1
0.000141237,6.45E-05,0.003921568,353,0.004244745,1
0.001534521,0.000168839,1.47E-15,353,0.004244745,1
0.001439091,0.00090952,0.003921574,353,0.004244745,1
0.000152689,2.20E-05,1.36E-16,353,0.004244745,1
0.000156506,5.19E-05,0.003921574,353,0.004244745,1
0.00020613,3.08E-05,3.45E-16,353,0.004244745,1
0.000198495,9.08E-05,4.52E-15,353,0.004244745,1
0.002790385,0.000652971,0.003921572,353,0.004244745,1
0.002763665,0.002513533,2.60E-09,353,0.004244745,1
0.000152689,3.14E-05,3.77E-16,353,0.004244745,1
0.000118334,3.91E-05,0.003921568,353,0.004244745,1
0.000488604,7.20E-05,3.91E-16,353,0.004244745,0
0.000564948,0.00096296,2.86E-13,353,0.004244745,0
0.00027484,3.98E-05,2.27E-16,353,0.004244745,0
0.000293926,0.000416869,0.003921568,353,0.004244745,0
9.16E-05,5.40E-06,7.33E-17,353,0.004244745,0
4.58E-05,2.89E-06,4.00E-17,353,0.004244745,0
0.000152689,2.34E-05,1.21E-16,353,0.004244745,0
0.000187044,4.88E-05,0.003921568,353,0.004244745,0
0.000542045,0.000173118,6.50E-16,353,0.004244745,0
0.000553496,0.000141862,0.003921573,353,0.004244745,1
0.000129785,3.46E-05,1.21E-16,353,0.004244745,1
0.000141237,0.000122116,0.003921568,353,0.004244745,1
0.000175592,3.70E-05,1.34E-16,353,0.004244745,1
0.000557314,7.42E-05,4.72E-16,353,0.004244745,1
0.000179409,5.60E-05,0.003921568,353,0.004244745,1
0.000473335,0.000103971,4.74E-16,353,0.004244745,1
0.000351184,7.06E-05,3.34E-16,353,0.004244745,1
0.000282474,0.000249234,1.76E-09,353,0.004244745,1
9.16E-05,1.77E-05,7.81E-17,353,0.004244745,1
9.92E-05,1.03E-05,8.24E-17,353,0.004244745,1
9.16E-05,5.63E-05,8.24E-17,353,0.004244745,1
8.40E-05,2.04E-05,7.69E-17,353,0.004244745,0
0.000396991,0.000150338,2.84E-16,353,0.004244745,0
0.000389356,9.82E-05,1.55E-09,353,0.004244745,1
8.40E-05,4.87E-05,8.54E-17,353,0.004244745,1
0.00013742,6.92E-05,1.26E-16,353,0.004244745,1
0.000213764,8.82E-05,1.74E-16,353,0.004244745,1
0.000255753,8.51E-05,0.003921574,353,0.004244745,1
0.000106882,0.000198285,2.92E-13,353,0.004244745,1
0.000267205,0.000150087,2.26E-16,353,0.004244745,1
0.000217581,6.33E-05,0.003921568,353,0.004244745,1
0.000106882,7.08E-05,9.39E-17,353,0.004244745,1
6.87E-05,1.32E-05,4.97E-17,353,0.004244745,1
3.82E-05,2.04E-05,3.09E-17,353,0.004244745,1
0.000618389,0.000116392,4.74E-16,353,0.004244745,1
9.16E-05,2.57E-05,7.27E-17,353,0.004244745,1
8.02E-05,4.80E-05,0.003921568,353,0.004244745,1
0.000568765,0.000631876,0.003921569,353,0.004244745,1
6.87E-05,2.54E-05,5.94E-17,353,0.004244745,1
4.96E-05,4.14E-05,0.003921568,353,0.004244745,1
0.000183226,3.12E-05,3.71E-16,353,0.004244745,1
0.000118334,6.95E-05,0.003921569,353,0.004244745,1
0.000183226,1.66E-05,1.41E-16,353,0.004244745,1
0.000167958,1.94E-05,1.36E-16,353,0.004244745,1
0.000114516,2.34E-05,9.51E-17,353,0.004244745,1
0.000114516,1.93E-05,9.27E-17,353,0.004244745,1
0.000125968,4.41E-05,0.003921569,353,0.004244745,0
9.92E-05,4.01E-05,3.08E-16,353,0.004244745,0
0.000358818,5.21E-05,3.10E-16,353,0.004244745,0
0.000263388,5.56E-05,0.003921569,353,0.004244745,1
0.000992476,0.00010641,9.61E-16,353,0.004244745,1
0.000847422,0.000138283,7.02E-16,353,0.004244745,1
0.000244302,5.94E-05,2.08E-16,353,0.004244745,1
0.000175592,3.53E-05,1.33E-16,353,0.004244745,1
0.000244302,0.00016978,4.32E-16,353,0.004244745,1
0.000148871,4.25E-05,0.003921569,353,0.004244745,1
7.63E-05,3.37E-05,6.30E-17,353,0.004244745,1
8.40E-05,9.32E-05,7.09E-17,353,0.004244745,1
0.000129785,1.20E-05,1.05E-16,353,0.004244745,1
0.000114516,1.68E-05,9.39E-17,353,0.004244745,1
0.000187044,5.38E-05,0.003921569,353,0.004244745,1
0.000167958,0.000168839,2.31E-13,353,0.004244745,1
0.000458066,0.000181563,4.12E-16,353,0.004244745,1
0.000442797,0.000300153,3.62E-16,353,0.004244745,1
0.000145054,2.91E-05,3.46E-16,353,0.004244745,1
0.000141237,0.000172909,0.003921569,353,0.004244745,1
7.25E-05,3.48E-05,0.003921569,353,0.004244745,1
7.63E-05,9.99E-05,6.06E-17,353,0.004244745,1
0.000580217,9.45E-05,3.45E-16,353,0.004244745,1
0.000522959,0.000693572,0.003921569,353,0.004244745,1
0.000183226,1.66E-05,1.49E-16,353,0.004244745,1
0.000167958,1.94E-05,1.57E-16,353,0.004244745,1
0.000114516,1.93E-05,3.51E-16,353,0.004244745,1
0.00020613,4.45E-05,1.86E-16,353,0.004244745,1
0.000103065,4.03E-05,0.003921569,353,0.004244745,0
0.000213764,8.66E-05,4.47E-09,353,0.004244745,0
0.000664196,5.99E-05,5.88E-16,353,0.004244745,0
0.000664196,0.000105667,6.10E-16,353,0.004244745,0
6.11E-05,9.26E-06,5.45E-17,353,0.004244745,0
0.000156506,4.81E-05,0.003921569,353,0.004244745,0
0.000145054,1.87E-05,3.28E-16,353,0.004244745,0
0.000179409,5.12E-05,0.003921569,353,0.004244745,0
0.000347367,0.000103124,0.003921569,353,0.004244745,0
0.00027484,4.16E-05,1.99E-16,353,0.004244745,1
0.000427528,0.000468301,2.06E-12,353,0.004244745,1
0.000251936,0.000207242,1.90E-12,353,0.004244745,1
0.000778712,9.04E-05,5.96E-16,353,0.004244745,1
0.000664196,0.000169362,5.90E-16,353,0.004244745,1
0.000404625,8.50E-05,5.91E-16,353,0.004244745,1
0.000213764,3.03E-05,1.47E-16,353,0.004244745,1
0.000328281,8.97E-05,9.81E-14,353,0.004244745,1
0.00023285,5.88E-05,0.003921569,353,0.004244745,1
0.000183226,3.54E-05,1.54E-16,353,0.004244745,1
0.000175592,0.00011182,1.50E-16,353,0.004244745,1
0.000480969,5.48E-05,3.47E-16,353,0.004244745,1
0.00060312,0.001167806,8.53E-13,353,0.004244745,0
0.000641292,0.000103971,7.79E-16,353,0.004244745,0
0.000610755,0.000207148,4.82E-16,353,0.004244745,1
0.00020613,3.07E-05,1.31E-16,353,0.004244745,1
0.000152689,3.94E-05,1.06E-16,353,0.004244745,1
0.000167958,9.37E-05,3.50E-14,353,0.004244745,1
0.000118334,4.30E-05,0.003921569,353,0.004244745,1
0.000160323,2.70E-05,1.33E-16,353,0.004244745,1
0.000152689,6.05E-05,1.19E-16,353,0.004244745,1
0.000290108,4.88E-05,2.42E-16,353,0.004244745,1
0.000293926,6.52E-05,0.003921569,353,0.004244745,1
0.000335915,5.39E-05,4.89E-16,353,0.004244745,1
0.000297743,0.000134589,4.59E-09,353,0.004244745,1
0.000335915,5.24E-05,2.53E-16,353,0.004244745,1
0.00027484,0.000125078,3.47E-09,353,0.004244745,1
0.001282585,0.000153467,1.91E-15,353,0.004244745,1
0.000145054,2.15E-05,1.21E-16,353,0.004244745,1
0.000198495,4.56E-05,1.66E-16,353,0.004244745,1
0.001358929,0.00261311,1.34E-09,353,0.004244745,1
0.000110699,4.88E-05,0.003921569,353,0.004244745,1
0.000187044,4.62E-05,0.003921569,353,0.004244745,1
0.000419894,5.43E-05,3.28E-16,353,0.004244745,1
0.000374087,0.000416294,2.47E-09,353,0.004244745,1
0.000129785,1.76E-05,9.45E-17,353,0.004244745,1
0.000103065,4.15E-05,0.003921569,353,0.004244745,1
0.000473335,8.00E-05,3.43E-16,353,0.004244745,0
0.000473335,0.000124199,4.43E-09,353,0.004244745,0
0.000190861,0.000134746,1.52E-10,353,0.004244745,0
0.000171775,4.92E-05,0.003921569,353,0.004244745,1
0.000202312,0.000131628,0.003921569,353,0.004244745,1
0.000187044,5.17E-05,0.003921569,353,0.004244745,1
0.000129785,2.11E-05,9.93E-17,353,0.004244745,1
0.000167958,2.01E-05,1.49E-16,353,0.004244745,1
0.000160323,2.01E-05,1.42E-16,353,0.004244745,1
0.000145054,6.66E-05,1.64E-16,353,0.004244745,1
7.63E-05,2.73E-05,6.06E-17,353,0.004244745,1
7.63E-05,6.06E-05,6.30E-17,353,0.004244745,1
0.000167958,1.87E-05,1.37E-16,353,0.004244745,1
0.000217581,0.00034044,0.003921569,353,0.004244745,1
0.001099358,0.000251809,1.03E-15,353,0.004244745,1
0.001133713,0.001032421,0.003921571,353,0.004244745,1
0.000404625,6.77E-05,4.83E-16,353,0.004244745,1
0.000316829,6.40E-05,0.003921569,353,0.004244745,1
4.58E-05,4.90E-06,8.90E-17,353,0.004244745,1
2.29E-05,1.63E-06,1.07E-12,353,0.004244745,1
4.58E-05,4.87E-06,3.76E-17,353,0.004244745,1
3.82E-05,5.07E-05,4.12E-17,353,0.004244745,1
5.34E-05,5.15E-06,5.94E-17,353,0.004244745,1
4.58E-05,5.01E-06,4.60E-17,353,0.004244745,1
9.16E-05,9.06E-06,8.30E-17,353,0.004244745,1
0.000213764,2.15E-05,1.42E-16,353,0.004244745,1
3.05E-05,4.95E-06,2.60E-17,353,0.004244745,1
3.82E-05,7.47E-06,3.76E-17,353,0.004244745,1
0.00013742,0.000106839,1.20E-16,353,0.004244745,0
7.25E-05,3.91E-05,0.00392157,353,0.004244745,0
6.87E-05,1.60E-05,5.39E-17,353,0.004244745,0
4.58E-05,4.45E-05,1.08E-16,353,0.004244745,0
8.78E-05,6.30E-05,0.00392157,353,0.004244745,0
6.87E-05,5.16E-05,6.90E-17,353,0.004244745,0
0.000160323,2.23E-05,1.27E-16,353,0.004244745,0
0.000141237,6.12E-05,0.00392157,353,0.004244745,0
0.000259571,2.38E-05,2.22E-16,353,0.004244745,0
0.000229033,3.03E-05,1.95E-16,353,0.004244745,1
2.29E-05,1.63E-06,1.88E-17,353,0.004244745,1
0.000114516,8.16E-06,9.45E-17,353,0.004244745,1
0.000954304,0.000144865,7.60E-16,353,0.004244745,1
0.00080925,0.000945402,1.55E-09,353,0.004244745,1
0.000656561,0.000106807,5.12E-16,353,0.004244745,1
0.000419894,8.49E-05,3.44E-16,353,0.004244745,1
0.000167958,3.35E-05,1.29E-16,353,0.004244745,1
0.000152689,5.18E-05,1.28E-16,353,0.004244745,1
0.000396991,0.000191713,4.19E-16,353,0.004244745,1
0.000458066,0.00027123,4.07E-16,353,0.004244745,1
0.000114516,2.19E-05,1.01E-16,353,0.004244745,1
9.54E-05,4.39E-05,0.00392157,353,0.004244745,0
0.00101538,0.000168043,7.61E-16,353,0.004244745,0
0.000881777,0.000233883,0.003921572,353,0.004244745,1
0.000160323,3.43E-05,1.25E-16,353,0.004244745,1
0.000122151,4.47E-05,1.11E-16,353,0.004244745,1
0.000175592,0.000124816,3.26E-16,353,0.004244745,1
0.000129785,6.80E-05,1.04E-16,353,0.004244745,1
0.000129785,1.20E-05,1.19E-16,353,0.004244745,1
0.000160323,3.04E-05,1.61E-16,353,0.004244745,1
0.000160323,3.13E-05,3.56E-16,353,0.004244745,1
0.000374087,8.75E-05,5.45E-16,353,0.004244745,1
0.000114516,1.68E-05,1.08E-16,353,0.004244745,1
0.000122151,1.96E-05,1.10E-16,353,0.004244745,1
0.000125968,5.24E-05,0.00392157,353,0.004244745,1
0.000156506,4.90E-05,0.00392157,353,0.004244745,1
0.000328281,0.000100895,1.13E-15,353,0.004244745,1
9.16E-05,1.77E-05,7.27E-17,353,0.004244745,1
9.16E-05,5.59E-05,7.81E-17,353,0.004244745,1
0.000480969,8.05E-05,6.29E-16,353,0.004244745,1
0.000412259,0.000140512,3.31E-16,353,0.004244745,1
9.92E-05,5.72E-05,1.16E-16,353,0.004244745,1
0.000160323,2.98E-05,1.37E-16,353,0.004244745,1
0.000832153,0.000129567,8.01E-16,353,0.004244745,1
0.000637475,0.00021014,0.003921574,353,0.004244745,1
0.000114516,0.000110459,3.36E-16,353,0.004244745,1
7.63E-05,9.08E-06,7.09E-17,353,0.004244745,0
8.02E-05,9.28E-05,0.00392157,353,0.004244745,0
0.000183226,4.13E-05,1.36E-16,353,0.004244745,0
0.000156506,6.77E-05,0.00392157,353,0.004244745,1
0.000183226,6.13E-05,1.31E-16,353,0.004244745,1
0.000148871,4.37E-05,0.00392157,353,0.004244745,1
0.000290108,4.21E-05,2.82E-16,353,0.004244745,1
0.00023285,5.86E-05,0.00392157,353,0.004244745,1
0.000511507,0.000106232,3.94E-16,353,0.004244745,1
0.000435163,0.000111098,1.03E-09,353,0.004244745,1
9.16E-05,1.77E-05,9.15E-17,353,0.004244745,1
8.40E-05,5.59E-05,8.24E-17,353,0.004244745,1
0.001045917,0.000249538,1.11E-13,353,0.004244745,1
0.001084089,0.000900092,2.45E-09,353,0.004244745,1
0.001068821,0.00024327,6.59E-14,353,0.004244745,1
0.001045917,0.000744679,2.57E-09,353,0.004244745,1
6.87E-05,2.72E-05,6.97E-17,353,0.004244745,1
7.63E-05,6.03E-05,6.00E-17,353,0.004244745,1
0.000458066,7.25E-05,5.66E-16,353,0.004244745,1
0.000427528,0.000341706,1.54E-09,353,0.004244745,1
0.000412259,3.67E-05,3.27E-16,353,0.004244745,1
0.000412259,3.67E-05,3.31E-16,353,0.004244745,1
0.000400808,7.52E-05,0.003921571,353,0.004244745,1
0.000400808,7.52E-05,0.003921571,353,0.004244745,1
0.000259571,2.39E-05,2.08E-16,353,0.004244745,1
0.000229033,3.03E-05,1.93E-16,353,0.004244745,1
0.000572582,0.000138022,1.02E-15,353,0.004244745,1
0.000549679,0.00011273,2.06E-09,353,0.004244745,1
0.002252158,0.000275709,2.69E-15,353,0.004244745,0
0.002206351,0.003700007,1.56E-12,353,0.004244745,0
0.000152689,2.20E-05,3.47E-16,353,0.004244745,0
0.000141237,6.12E-05,0.003921572,353,0.004244745,0
0.000389356,4.36E-05,7.35E-16,353,0.004244745,0
0.000343549,0.000105227,3.66E-16,353,0.004244745,0
0.000198495,3.02E-05,1.50E-16,353,0.004244745,0
0.000389356,0.000107833,2.76E-16,353,0.004244745,0
0.000152689,7.45E-05,3.28E-09,353,0.004244745,0
0.000393173,7.14E-05,0.003921572,353,0.004244745,1
0.000885594,0.000161294,6.86E-16,353,0.004244745,1
0.000698551,0.000278377,0.003921572,353,0.004244745,1
0.000404625,6.70E-05,3.32E-16,353,0.004244745,1
0.000213764,6.08E-05,2.21E-16,353,0.004244745,1
0.00020613,0.000100769,2.21E-13,353,0.004244745,1
0.00053441,0.000174845,4.34E-16,353,0.004244745,1
0.000599303,0.000203694,0.003921574,353,0.004244745,1
0.000129785,1.20E-05,1.01E-16,353,0.004244745,1
0.000114516,1.68E-05,9.45E-17,353,0.004244745,1
0.000358818,0.000185717,3.03E-16,353,0.004244745,1
0.000160323,2.06E-05,1.39E-16,353,0.004244745,1
0.000148871,5.47E-05,0.003921572,353,0.004244745,0
0.000183226,1.66E-05,1.69E-16,353,0.004244745,0
0.000167958,1.94E-05,1.49E-16,353,0.004244745,1
9.92E-05,2.22E-05,8.18E-17,353,0.004244745,1
0.000110699,4.29E-05,0.003921572,353,0.004244745,1
7.63E-06,5.44E-07,7.87E-18,353,0.004244745,1
1.53E-05,1.09E-06,1.03E-17,353,0.004244745,1
0.000374087,5.14E-05,2.85E-16,353,0.004244745,1
0.000343549,0.000100947,2.57E-16,353,0.004244745,1
0.000721454,0.000143599,0.003921572,353,0.004244745,1
0.000297743,4.88E-05,5.10E-16,353,0.004244745,1
0.000687099,0.000407546,5.12E-10,353,0.004244745,1
0.000240485,0.000131544,0.003921572,353,0.004244745,1
0.000213764,3.48E-05,1.71E-16,353,0.004244745,1
0.000171775,0.000130707,0.003921572,353,0.004244745,1
0.000187044,0.000141506,0.003921572,353,0.004244745,1
0.000175592,4.94E-05,1.53E-16,353,0.004244745,1
0.000282474,5.44E-05,2.62E-16,353,0.004244745,1
0.00023285,5.27E-05,0.003921572,353,0.004244745,1
6.87E-05,3.59E-05,7.69E-17,353,0.004244745,1
5.34E-05,4.70E-05,5.03E-17,353,0.004244745,1
0.000122151,2.24E-05,1.08E-16,353,0.004244745,1
0.000103065,4.43E-05,0.003921572,353,0.004244745,1
9.16E-05,1.43E-05,6.36E-17,353,0.004244745,1
6.87E-05,1.26E-05,4.30E-17,353,0.004244745,1
8.02E-05,4.40E-05,0.003921572,353,0.004244745,0
6.49E-05,4.53E-05,0.003921572,353,0.004244745,0
0.000229033,6.11E-05,5.15E-16,353,0.004244745,0
0.000209947,6.77E-05,0.003921572,353,0.004244745,1
0.000129785,3.31E-05,1.07E-16,353,0.004244745,1
0.000129785,6.95E-05,9.33E-17,353,0.004244745,1
9.92E-05,1.03E-05,7.15E-17,353,0.004244745,1
8.40E-05,1.48E-05,6.66E-17,353,0.004244745,1
0.000213764,5.71E-05,4.09E-16,353,0.004244745,1
0.00020613,9.89E-05,9.11E-14,353,0.004244745,1
0.00023285,0.000103971,0.003921573,353,0.004244745,1
0.000267205,9.83E-05,2.54E-16,353,0.004244745,1
0.000229033,4.29E-05,4.20E-16,353,0.004244745,1
0.000183226,7.66E-05,1.65E-09,353,0.004244745,1
0.000229033,4.23E-05,1.97E-16,353,0.004244745,1
0.000202312,0.000167311,0.003921572,353,0.004244745,1
6.11E-05,3.14E-05,4.42E-17,353,0.004244745,1
0.000198495,4.12E-05,2.94E-16,353,0.004244745,1
7.25E-05,9.41E-05,0.003921572,353,0.004244745,1
0.000175592,9.36E-05,2.47E-09,353,0.004244745,1
0.000114516,1.11E-05,9.93E-17,353,0.004244745,1
9.92E-05,1.59E-05,8.60E-17,353,0.004244745,1
0.000145054,3.48E-05,1.06E-16,353,0.004244745,1
0.000145054,7.04E-05,1.19E-16,353,0.004244745,1
0.000351184,0.000151374,3.06E-16,353,0.004244745,1
0.000148871,5.32E-05,0.003921572,353,0.004244745,1
0.000358818,0.000181019,2.90E-16,353,0.004244745,1
0.000152689,0.000168744,3.75E-13,353,0.004244745,1
0.000114516,2.58E-05,8.42E-17,353,0.004244745,0
0.000114516,0.000170963,3.48E-16,353,0.004244745,0
6.11E-05,3.25E-05,6.24E-17,353,0.004244745,0
7.63E-05,1.00E-04,6.97E-17,353,0.004244745,0
0.000557314,9.43E-05,6.14E-16,353,0.004244745,0
0.000515324,0.000693865,0.003921572,353,0.004244745,0
0.000488604,8.02E-05,3.85E-16,353,0.004244745,0
0.000572582,0.000984318,8.19E-10,353,0.004244745,0
0.000129785,1.76E-05,1.27E-16,353,0.004244745,0
0.000103065,4.84E-05,0.003921573,353,0.004244745,1
0.000793981,0.000108471,7.97E-16,353,0.004244745,1
0.000793981,0.001159749,1.03E-09,353,0.004244745,1
0.000282474,5.15E-05,2.22E-16,353,0.004244745,1
0.000259571,0.000133198,1.02E-10,353,0.004244745,1
0.00020613,3.70E-05,1.65E-16,353,0.004244745,1
7.63E-05,2.13E-05,5.88E-17,353,0.004244745,1
5.34E-05,3.79E-05,4.30E-17,353,0.004244745,1
9.16E-05,1.77E-05,7.33E-17,353,0.004244745,1
8.40E-05,5.59E-05,6.42E-17,353,0.004244745,1
0.000160323,2.68E-05,1.42E-16,353,0.004244745,1
0.00013742,4.68E-05,1.14E-16,353,0.004244745,1
0.000160323,0.000105342,3.69E-16,353,0.004244745,0
0.000152689,2.27E-05,1.22E-16,353,0.004244745,0
0.000160323,2.31E-05,1.24E-16,353,0.004244745,1
0.000125968,4.48E-05,0.003921573,353,0.004244745,1
0.000125968,4.48E-05,0.003921573,353,0.004244745,1
0.000183226,1.66E-05,1.73E-16,353,0.004244745,1
0.000167958,1.94E-05,1.63E-16,353,0.004244745,1
8.40E-05,2.06E-05,7.45E-17,353,0.004244745,1
8.02E-05,4.06E-05,0.003921573,353,0.004244745,1
0.000419894,4.66E-05,3.56E-16,353,0.004244745,1
0.000358818,6.11E-05,3.20E-16,353,0.004244745,1
0.001305488,0.000275646,1.09E-15,353,0.004244745,1
0.001355112,0.001273985,0.003921573,353,0.004244745,1
0.000183226,1.66E-05,1.57E-16,353,0.004244745,1
0.000114516,1.70E-05,1.06E-16,353,0.004244745,1
0.000103065,4.17E-05,0.003921573,353,0.004244745,1
0.000167958,1.94E-05,1.48E-16,353,0.004244745,1
0.000106882,1.88E-05,1.02E-16,353,0.004244745,1
0.000103065,4.03E-05,0.003921573,353,0.004244745,1
0.000152689,1.93E-05,2.54E-16,353,0.004244745,1
0.000110699,4.10E-05,0.003921573,353,0.004244745,1
0.000679465,6.18E-05,4.75E-16,353,0.004244745,1
0.00060312,0.000106996,5.22E-16,353,0.004244745,1
0.000175592,3.12E-05,1.46E-16,353,0.004244745,1
0.000106882,2.85E-05,9.93E-17,353,0.004244745,1
0.000114516,1.49E-05,1.04E-16,353,0.004244745,0
0.000103065,4.67E-05,0.003921573,353,0.004244745,0
0.000114516,2.19E-05,1.05E-16,353,0.004244745,0
0.000103065,4.43E-05,0.003921573,353,0.004244745,1
0.000351184,4.95E-05,2.67E-16,353,0.004244745,1
0.000412259,0.000102454,5.31E-14,353,0.004244745,1
0.000175592,5.93E-05,2.56E-16,353,0.004244745,1
0.000129785,4.98E-05,1.12E-16,353,0.004244745,1
0.000171775,4.76E-05,0.003921573,353,0.004244745,1
0.000125968,5.96E-05,0.003921573,353,0.004244745,1
0.000198495,3.03E-05,5.41E-16,353,0.004244745,1
0.000160323,9.32E-05,2.61E-13,353,0.004244745,1
0.000229033,4.91E-05,2.14E-16,353,0.004244745,1
0.000160323,0.000105018,1.47E-16,353,0.004244745,1
6.87E-05,2.16E-05,5.88E-17,353,0.004244745,1
5.73E-05,5.33E-05,0.003921573,353,0.004244745,1
0.000175592,4.16E-05,1.56E-16,353,0.004244745,1
0.000190861,3.03E-05,4.15E-16,353,0.004244745,1
0.000148871,4.25E-05,0.003921574,353,0.004244745,1
0.000156506,4.84E-05,0.003921574,353,0.004244745,1
0.000160323,3.36E-05,3.65E-16,353,0.004244745,1
0.000167958,3.06E-05,1.33E-16,353,0.004244745,1
0.000183226,7.24E-05,1.32E-16,353,0.004244745,1
0.000152689,6.77E-05,1.10E-16,353,0.004244745,1
0.000129785,1.19E-05,1.04E-16,353,0.004244745,1
0.000114516,1.52E-05,1.04E-16,353,0.004244745,1
7.63E-06,5.44E-07,5.45E-18,353,0.004244745,1
3.82E-05,2.72E-06,3.21E-17,353,0.004244745,1
0.000145054,1.87E-05,1.25E-16,353,0.004244745,0
0.000179409,5.12E-05,0.003921574,353,0.004244745,0
0.000129785,1.76E-05,9.21E-17,353,0.004244745,0
0.000103065,4.84E-05,0.003921574,353,0.004244745,0
0.000190861,2.98E-05,1.65E-16,353,0.004244745,0
0.000290108,9.65E-05,2.31E-16,353,0.004244745,0
0.000229033,6.13E-05,1.89E-16,353,0.004244745,0
0.000240485,5.90E-05,0.003921574,353,0.004244745,0
0.000221399,0.000100895,1.36E-13,353,0.004244745,0
9.16E-05,1.77E-05,6.54E-17,353,0.004244745,1
9.16E-05,5.63E-05,5.81E-17,353,0.004244745,1
0.000190861,6.51E-05,1.57E-16,353,0.004244745,1
0.000190861,3.31E-05,1.53E-16,353,0.004244745,1
0.000171775,6.39E-05,0.003921574,353,0.004244745,1
0.000267205,4.36E-05,4.44E-16,353,0.004244745,1
0.000259571,9.70E-05,8.21E-10,353,0.004244745,1
0.00027484,4.39E-05,2.58E-16,353,0.004244745,1
0.000244302,8.55E-05,8.66E-14,353,0.004244745,1
0.000129785,1.20E-05,1.38E-16,353,0.004244745,1
0.000114516,1.68E-05,9.81E-17,353,0.004244745,1
9.92E-05,1.96E-05,8.78E-17,353,0.004244745,1
8.40E-05,4.74E-05,6.54E-17,353,0.004244745,0
7.63E-05,9.10E-06,6.00E-17,353,0.004244745,0
9.54E-05,0.000216524,0.003921574,353,0.004244745,1
0.000152689,2.96E-05,1.18E-16,353,0.004244745,1
0.000118334,3.91E-05,0.003921574,353,0.004244745,1
9.16E-05,1.77E-05,8.36E-17,353,0.004244745,1
9.16E-05,5.63E-05,1.62E-16,353,0.004244745,1
0.000129785,1.20E-05,1.04E-16,353,0.004244745,1
0.000114516,1.68E-05,1.05E-16,353,0.004244745,1
0.000984842,0.000233099,8.22E-16,353,0.004244745,1
0.000366453,7.07E-05,2.79E-16,353,0.004244745,1
0.000355001,0.000224769,0.003921575,353,0.004244745,1
7.63E-05,2.11E-05,5.81E-17,353,0.004244745,1
5.34E-05,3.79E-05,4.24E-17,353,0.004244745,1
0.00067183,0.000311548,8.42E-16,353,0.004244745,1
